1,Go on
2,Pick up
3,Come back
4,Come up
5,Go back
6,Find out
7,Come out
8,Go out
9,Point out
10,Grow up
11,Set up
12,Turn out
13,Get out
14,Come in
15,Take on
16,Give up
17,Make up
18,End up
19,Get back
20,Look up
21,Figure out
22,Sit down
23,Get up
24,Take out
25,Come on
26,Go down
27,Show up
28,Take off
29,Work out
30,Stand up
31,Come down
32,Go ahead
33,Go up
34,Look back
35,Wake up
36,Carry out
37,Take over
38,Hold up
39,Pull out
40,Turn around
41,Take up
42,Look down
43,Put up
44,Bring back
45,Bring up
46,Look out
47,Bring in
48,Open up
49,Check out
50,Move on
51,Put out
52,Look around
53,Catch up
54,Go in
55,Break down
56,Get off
57,Keep up
58,Put down
59,Reach out
60,Go off
61,Cut off
62,Turn back
63,Pull up
64,Set out
65,Clean up
66,Shut down
67,Turn over
68,Slow down
69,Wind up
70,Turn up
71,Line up
72,Take back
73,Lay out
74,Go over
75,Hang up
76,Go through
77,Hold on
78,Pay off
79,Hold out
80,Break up
81,Bring out
82,Pull back
83,Hang on
84,Build up
85,Throw out
86,Hang out
87,Put on
88,Get down
89,Come over
90,Move in
91,Start out
92,Call out
93,Sit up
94,Turn down
95,Back up
96,Put back
97,Send out
98,Get in
99,Blow up
100,Carry on
101,Set off
102,Keep on
103,Run out
104,Make out
105,Shut up
106,Turn off
107,Bring about
108,Step back
109,Lay down
110,Bring down
111,Stand out
112,Come along
113,Play out
114,Break out
115,Go around
116,Walk out
117,Get through
118,Hold back
119,Write down
120,Move back
121,Fill out
122,Sit back
123,Rule out
124,Move up
125,Pick out
126,Take down
127,Get on
128,Give back
129,Hand over
130,Sum up
131,Move out
132,Come off
133,Pass on
134,Take in
135,Set down
136,Sort out
137,Follow up
138,Come through
139,Settle down
140,Come around
141,Fill in
142,Give out
143,Give in
144,Go along
145,Break off
146,Put off
147,Come about
148,Close down
149,Put in
150,Set about